material_name,total_material_needed,current_stock,minimum_stock_level,cost_per_unit,shortage,needs_restocking,restock_quantity,restock_cost
Mixed Vegetables,50.699999999999996,37,16,27.434457023753595,13.699999999999996,True,13.699999999999996,375.8520612254241
Pasta,29.6,18,17,13.171923521673364,11.600000000000001,True,11.600000000000001,152.79431285141104
Onions,22.2,20,17,49.507270297228175,2.1999999999999993,True,2.1999999999999993,108.91599465390195
